
INSERT INTO customer (cust_no, name, email, phone, address) 
VALUES 

(1, 'Hunter Bailey', 'Hunter1@mail.com', '(351)936821928', 'Birch Lane, 4797-720 Vizela'),
(2, 'Sebastian Gray', 'Sebastian2@mail.com', '(351)993439980', 'Rua do Almada, 5735-902 Porto'),
(3, 'Henry Bennett', 'Henry3@mail.com', '(351)923200545', 'Avenida dos Aliados, 4340-304 Seixal'),
(4, 'Christopher Taylor', 'Christopher4@mail.com', '(351)901607720', 'Grove Avenue, 8776-618 Viseu'),
(5, 'Carter Martin', 'Carter5@mail.com', '(351)910406112', 'Hilltop Road, 2560-885 Entroncamento'),
(6, 'Thomas Barnes', 'Thomas6@mail.com', '(351)992041275', 'Forest Lane, 3719-307 Vila Real de Santo António'),
(7, 'Emily Gray', 'Emily7@mail.com', '(351)999090989', 'Rua do Dr. Ricardo Jorge, 3349-241 Almancil'),
(8, 'Emma Richardson', 'Emma8@mail.com', '(351)990912455', 'Praça de Poveiros, 6089-794 Gondomar'),
(9, 'David Wilson', 'David9@mail.com', '(351)941424960', 'Rua de Santa Teresa, 4540-847 Gondomar'),
(10, 'Evan James', 'Evan10@mail.com', '(351)908200614', 'River Street, 7750-818 Seixal'),
(11, 'Anthony Stewart', 'Anthony11@mail.com', '(351)985574180', 'Avenida de Fernão de Magalhães, 5576-911 Marco de Canaveses'),
(12, 'Samuel Collins', 'Samuel12@mail.com', '(351)969942093', 'Travessa das Pedras, 1115-729 Mangualde'),
(13, 'Matthew Ramirez', 'Matthew13@mail.com', '(351)905761099', 'Spring Street, 2183-166 Lagoa'),
(14, 'Adam Clark', 'Adam14@mail.com', '(351)905663921', 'Acorn Lane, 9636-602 Santarém'),
(15, 'Justin Rodriguez', 'Justin15@mail.com', '(351)932152579', 'Magnolia Drive, 7806-231 Santa Cruz'),
(16, 'Christopher Cook', 'Christopher16@mail.com', '(351)978316120', 'Willow Lane, 1145-836 Amarante'),
(17, 'Adam Clark', 'Adam17@mail.com', '(351)993139964', 'Cherry Street, 2837-651 Espinho'),
(18, 'Zachary Moore', 'Zachary18@mail.com', '(351)938813986', 'Walnut Street, 5043-456 Fafe'),
(19, 'Justin Watson', 'Justin19@mail.com', '(351)973686932', 'Spruce Street, 1972-531 Olhão'),
(20, 'Jessica Gray', 'Jessica20@mail.com', '(351)975590232', 'Washington Street, 3587-876 Evora'),
(21, 'Madison Hill', 'Madison21@mail.com', '(351)912894383', 'Largo da Sé, 6179-206 Viana do Alentejo'),
(22, 'Jackson Taylor', 'Jackson22@mail.com', '(351)973848020', 'Hillside Avenue, 2163-478 Vila Franca de Xira'),
(23, 'Hunter Peterson', 'Hunter23@mail.com', '(351)966975552', 'Avenida da França, 7243-392 Amadora'),
(24, 'Jordan Collins', 'Jordan24@mail.com', '(351)918230669', 'Holly Street, 5925-838 Sesimbra'),
(25, 'Emma Lopez', 'Emma25@mail.com', '(351)958844811', 'Largo do Amor de Perdição, 7432-603 Lagoa'),
(26, 'Emma Thompson', 'Emma26@mail.com', '(351)972150403', 'Rua de São Bento da Vitória, 5415-693 Câmara de Lobos'),
(27, 'Matthew Morgan', 'Matthew27@mail.com', '(351)940815934', 'Praça de Carlos Alberto, 4982-927 Almancil'),
(28, 'Ethan Hernandez', 'Ethan28@mail.com', '(351)968460341', 'Praça de D. João I, 2240-322 Barreiro'),
(29, 'Nicholas Anderson', 'Nicholas29@mail.com', '(351)975774082', 'Rua do Dr. Ricardo Jorge, 6325-203 Vila Nova de Famalicão'),
(30, 'Ryan Cook', 'Ryan30@mail.com', '(351)995936883', 'Main Street, 1892-231 Águeda'),
(31, 'Joshua Walker', 'Joshua31@mail.com', '(351)969294396', 'Travessa dos Artistas, 1353-930 Odivelas'),
(32, 'Zachary Cox', 'Zachary32@mail.com', '(351)977617596', 'Magnolia Court, 4153-114 Vila Nova de Milfontes'),
(33, 'Aiden Bell', 'Aiden33@mail.com', '(351)923722344', 'Avenida de Fernão de Magalhães, 9722-592 Oeiras'),
(34, 'Scarlett Morgan', 'Scarlett34@mail.com', '(351)961300788', 'Travessa da Lada, 1117-456 Beja'),
(35, 'Jordan Garcia', 'Jordan35@mail.com', '(351)995862175', 'Magnolia Court, 5157-155 Loulé'),
(36, 'Alexander Ramirez', 'Alexander36@mail.com', '(351)919166220', 'Park Lane, 9013-898 Viseu'),
(37, 'Christian Bennett', 'Christian37@mail.com', '(351)972767511', 'Largo do Carmo, 7755-858 Ponte de Lima'),
(38, 'Tyler Brown', 'Tyler38@mail.com', '(351)902535737', 'Central Avenue, 2028-197 Viana do Alentejo'),
(39, 'Justin Perez', 'Justin39@mail.com', '(351)930050600', 'Rua de Santa Catarina, 1820-233 Beja'),
(40, 'Justin Lewis', 'Justin40@mail.com', '(351)903513673', 'Avenida dos Combatentes, 5983-416 Almancil'),
(41, 'Gavin Jackson', 'Gavin41@mail.com', '(351)905633228', 'Sycamore Street, 4970-710 Faro'),
(42, 'Charlotte Lee', 'Charlotte42@mail.com', '(351)982014945', 'Avenida da Liberdade, 8237-436 Vendas Novas'),
(43, 'Chloe White', 'Chloe43@mail.com', '(351)918232318', 'Praça de Carlos Alberto, 6977-677 Santarém'),
(44, 'Sophia Nguyen', 'Sophia44@mail.com', '(351)921589063', 'Brookside Drive, 8233-708 Redondo'),
(45, 'Andrew Roberts', 'Andrew45@mail.com', '(351)919525049', 'Travessa do Almada, 1079-284 Santa Cruz'),
(46, 'Samuel Phillips', 'Samuel46@mail.com', '(351)958417588', 'Lake Street, 2411-518 Chaves'),
(47, 'Joshua Phillips', 'Joshua47@mail.com', '(351)917434189', 'Travessa da Ribeira, 5959-976 Loures'),
(48, 'Andrew Roberts', 'Andrew48@mail.com', '(351)904337252', 'Travessa da Prelada, 3475-919 Vila do Conde'),
(49, 'Noah Lee', 'Noah49@mail.com', '(351)995614526', 'Avenida do Marechal Gomes da Costa, 2332-703 Mirandela'),
(50, 'Chloe Watson', 'Chloe50@mail.com', '(351)944664847', 'Broadway, 1074-668 Águeda'),
(51, 'Lucas Phillips', 'Lucas51@mail.com', '(351)920247084', 'Rua da Bainharia, 5718-578 Almada'),
(52, 'David Moore', 'David52@mail.com', '(351)947229839', 'Rua de Santo Ildefonso, 7753-956 Vendas Novas'),
(53, 'Sofia Johnson', 'Sofia53@mail.com', '(351)923459642', 'Washington Street, 5464-624 Fafe'),
(54, 'Christian Jones', 'Christian54@mail.com', '(351)994108582', 'Market Street, 5640-506 Oliveira de Azeméis'),
(55, 'Noah Price', 'Noah55@mail.com', '(351)935241295', 'Rua da Bainharia, 1769-320 Beja'),
(56, 'Ethan Allen', 'Ethan56@mail.com', '(351)927313583', 'Rua de Passos Manuel, 4979-201 Guilhabreu'),
(57, 'Ethan Garcia', 'Ethan57@mail.com', '(351)918859456', 'Rua das Flores, 3432-881 Vila do Bispo'),
(58, 'Jennifer Garcia', 'Jennifer58@mail.com', '(351)958600067', 'Church Road, 1031-661 Viseu'),
(59, 'Michael Carter', 'Michael59@mail.com', '(351)999697684', 'Travessa dos Artistas, 4785-628 Evora'),
(60, 'Adam White', 'Adam60@mail.com', '(351)907809873', 'Praça da Ribeira, 9795-544 Barreiro'),
(61, 'Gabriel Bailey', 'Gabriel61@mail.com', '(351)920441687', 'Rua de Santo Ildefonso, 7570-208 Sesimbra'),
(62, 'Elijah Carter', 'Elijah62@mail.com', '(351)944028781', 'Avenida Fernão de Magalhães, 7394-882 Beja'),
(63, 'Harper Barnes', 'Harper63@mail.com', '(351)917058701', 'Rua de Santa Teresa, 7718-774 Miranda do Douro'),
(64, 'Chloe Rogers', 'Chloe64@mail.com', '(351)932840627', 'Cottage Lane, 2865-528 Santa Cruz'),
(65, 'David Bennett', 'David65@mail.com', '(351)991518045', 'Travessa das Pedras, 3365-395 Palmela'),
(66, 'Harper Collins', 'Harper66@mail.com', '(351)970700752', 'Rua de Ceuta, 6538-122 Leiria'),
(67, 'Adam Jackson', 'Adam67@mail.com', '(351)995716324', 'Market Street, 8126-678 Aveiro'),
(68, 'Zachary Kelly', 'Zachary68@mail.com', '(351)981960271', 'Travessa das Virtudes, 6075-694 Oeiras'),
(69, 'Matthew Morris', 'Matthew69@mail.com', '(351)955940248', 'Praça da Ribeira, 9090-496 Vila Franca de Xira'),
(70, 'William Henderson', 'William70@mail.com', '(351)971996592', 'Cedar Lane, 7313-812 Odivelas'),
(71, 'Lucas Ward', 'Lucas71@mail.com', '(351)971850665', 'Praça de Carlos Alberto, 7739-904 Vila Nova de Milfontes'),
(72, 'Jackson Rogers', 'Jackson72@mail.com', '(351)956077385', 'Avenida dos Combatentes, 5878-360 Leiria'),
(73, 'Liam Thomas', 'Liam73@mail.com', '(351)918655394', 'Avenida Central, 9775-860 Porto'),
(74, 'Jordan Garcia', 'Jordan74@mail.com', '(351)964916260', 'Sherwood Drive, 5104-142 Castelo Branco'),
(75, 'Abigail Davis', 'Abigail75@mail.com', '(351)924030710', 'Mansion Road, 8097-589 Seixal'),
(76, 'Sebastian Lopez', 'Sebastian76@mail.com', '(351)907507522', 'Avenida dos Aliados, 6366-329 Estremoz'),
(77, 'Aiden Thomas', 'Aiden77@mail.com', '(351)971861922', 'Rua de Camões, 9456-316 Portalegre'),
(78, 'Sophia Nguyen', 'Sophia78@mail.com', '(351)940610021', 'Cottonwood Lane, 5374-385 Guilhabreu'),
(79, 'Jackson Ross', 'Jackson79@mail.com', '(351)913144670', 'Pinecrest Drive, 1183-157 Covilhã'),
(80, 'Ella Harris', 'Ella80@mail.com', '(351)918661624', 'Holly Court, 8712-118 Ovar'),
(81, 'Ethan Torres', 'Ethan81@mail.com', '(351)979343905', 'Rua da Bélgica, 8523-588 Peniche'),
(82, 'Daniel Scott', 'Daniel82@mail.com', '(351)957987197', 'Praça de Guilherme Gomes Fernandes, 9946-736 Palmela'),
(83, 'Jennifer Lee', 'Jennifer83@mail.com', '(351)957139074', 'Largo de São Domingos, 6247-167 Castelo Branco'),
(84, 'Chloe Morris', 'Chloe84@mail.com', '(351)905063787', 'Market Street, 5349-359 Almancil'),
(85, 'Landon Torres', 'Landon85@mail.com', '(351)904835926', 'Largo da Maternidade, 5685-846 Elvas'),
(86, 'Ryan Kelly', 'Ryan86@mail.com', '(351)954889482', 'Rua de Sá da Bandeira, 3047-941 Coimbra'),
(87, 'Emily Collins', 'Emily87@mail.com', '(351)949670598', 'Rua de Alves Redol, 1174-720 Lagos'),
(88, 'Charlotte Richardson', 'Charlotte88@mail.com', '(351)916216997', 'Central Avenue, 6278-827 Bragança'),
(89, 'Brandon Miller', 'Brandon89@mail.com', '(351)956328309', 'Bridge Street, 1659-710 Amarante'),
(90, 'Zachary Parker', 'Zachary90@mail.com', '(351)944225699', 'Rua de Santo António, 2283-868 Montijo'),
(91, 'Zachary Sanchez', 'Zachary91@mail.com', '(351)920459560', 'Avenida do Brasil, 4138-642 Almada'),
(92, 'Justin Henderson', 'Justin92@mail.com', '(351)925661085', 'Meadow Lane, 7568-292 Guimarães'),
(93, 'Aiden Bailey', 'Aiden93@mail.com', '(351)917310463', 'Elmwood Avenue, 5275-825 Portalegre'),
(94, 'Jacob Lopez', 'Jacob94@mail.com', '(351)913801034', 'Praça de Almeida Garrett, 7196-248 Pombal'),
(95, 'Lucas Wright', 'Lucas95@mail.com', '(351)987412881', 'Rosewood Drive, 7197-970 Leiria'),
(96, 'Christian Turner', 'Christian96@mail.com', '(351)917371335', 'Praça de Guilherme Gomes Fernandes, 4289-208 Póvoa de Varzim'),
(97, 'Ella Carter', 'Ella97@mail.com', '(351)905407966', 'Laurel Lane, 1823-412 Leiria'),
(98, 'Nicholas Wright', 'Nicholas98@mail.com', '(351)975236770', 'Travessa do Rosário, 1289-924 Albufeira'),
(99, 'Hunter Wilson', 'Hunter99@mail.com', '(351)931351688', 'Avenida do Brasil, 2420-173 Lisbon')
;

INSERT INTO product (SKU, name, description, price, ean)
VALUES 

('A1', 'Fitness Tracker Yti', 'Sample description for Fitness Tracker Yti', 355.65, 1000000001),
('A2', 'Printer Okeuke', 'Sample description for Printer Okeuke', 262.71, 100000002),
('A3', 'Smart Bike Helmet Uta', 'Sample description for Smart Bike Helmet Uta', 109.34, 10000003),
('A4', 'External Hard Drive Ikuineynilge', 'Sample description for External Hard Drive Ikuineynilge', 88.87, 1000004),
('A5', 'Electric Scooter Kvi', 'Sample description for Electric Scooter Kvi', 435.98, 100005),
('A6', 'Wireless Charging Pad Etebdu', 'Sample description for Wireless Charging Pad Etebdu', 423.83, 10006),
('A7', 'Smart Scale Fra', 'Sample description for Smart Scale Fra', 334.38, 1007),
('A8', 'Portable Bluetooth Projector Irapzundo', 'Sample description for Portable Bluetooth Projector Irapzundo', 220.80, 108),
('A9', 'Robot Companion Ibaxripku', 'Sample description for Robot Companion Ibaxripku', 118.95, 19),
('A10', 'Smart Garden System Msiokaogujva', 'Sample description for Smart Garden System Msiokaogujva', 79.27, 110),
('A11', 'Bluetooth Tracker Wdoosadzeubo', 'Sample description for Bluetooth Tracker Wdoosadzeubo', 486.47, 111),
('A12', 'Wireless BBQ Thermometer Emoubiqbu', 'Sample description for Wireless BBQ Thermometer Emoubiqbu', 473.82, 112),
('A13', 'Portable Power Bank Fdosseukuwtu', 'Sample description for Portable Power Bank Fdosseukuwtu', 141.56, 113),
('A14', 'Fitness Tracker Ctavsaagoani', 'Sample description for Fitness Tracker Ctavsaagoani', 128.51, 114),
('A15', 'Wireless Charging Pad Ibuoriwkopne', 'Sample description for Wireless Charging Pad Ibuoriwkopne', 227.37, 115),
('A16', 'Robot Companion Wmi', 'Sample description for Robot Companion Wmi', 486.14, 116),
('A17', 'Wireless Charging Mouse Pad Xluyleinuile', 'Sample description for Wireless Charging Mouse Pad Xluyleinuile', 422.39, 117),
('A18', 'Wireless HDMI Transmitter Areipunni', 'Sample description for Wireless HDMI Transmitter Areipunni', 327.95, 118),
('A19', 'Portable Air Conditioner Umuari', 'Sample description for Portable Air Conditioner Umuari', 187.85, 119),
('A20', 'Wireless Charging Desk Lamp Ikordu', 'Sample description for Wireless Charging Desk Lamp Ikordu', 439.05, 120),
('A21', 'Home Weather Station Uzevvu', 'Sample description for Home Weather Station Uzevvu', 468.20, 121),
('A22', 'GPS Navigation Device Azayrenma', 'Sample description for GPS Navigation Device Azayrenma', 113.87, 122),
('A23', 'Smart Language Translator Xzagsuupi', 'Sample description for Smart Language Translator Xzagsuupi', 449.56, 123),
('A24', 'Smart Suitcase Upavpumteina', 'Sample description for Smart Suitcase Upavpumteina', 465.30, 124),
('A25', 'Smart Water Bottle Dtahnabvi', 'Sample description for Smart Water Bottle Dtahnabvi', 168.01, 125),
('A26', 'Digital Camera Jsaere', 'Sample description for Digital Camera Jsaere', 423.38, 126),
('A27', 'Smart Mirror Ptuolu', 'Sample description for Smart Mirror Ptuolu', 443.77, 127),
('A28', 'Smart Scale Ydeezaaruaga', 'Sample description for Smart Scale Ydeezaaruaga', 313.08, 128),
('A29', 'Gaming Mouse Vli', 'Sample description for Gaming Mouse Vli', 432.12, 129),
('A30', 'Air Purifier Otialilnuine', 'Sample description for Air Purifier Otialilnuine', 295.76, 130),
('A31', 'Portable Air Conditioner Knocpe', 'Sample description for Portable Air Conditioner Knocpe', 297.85, 131),
('A32', 'Printer Okipdaopiezo', 'Sample description for Printer Okipdaopiezo', 285.08, 132),
('A33', 'Wireless Security Alarm Iki', 'Sample description for Wireless Security Alarm Iki', 351.94, 133),
('A34', 'Tablet Umijdu', 'Sample description for Tablet Umijdu', 244.47, 134),
('A35', 'Wireless Charging Car Mount Nvehbu', 'Sample description for Wireless Charging Car Mount Nvehbu', 94.71, 135),
('A36', 'Electric Skateboard Udoiroopi', 'Sample description for Electric Skateboard Udoiroopi', 170.93, 136),
('A37', 'Electric Scooter Asu', 'Sample description for Electric Scooter Asu', 331.13, 137),
('A38', 'Wireless Gaming Headset Emoida', 'Sample description for Wireless Gaming Headset Emoida', 159.30, 138),
('A39', 'Smart Refrigerator Jrurli', 'Sample description for Smart Refrigerator Jrurli', 202.86, 139),
('A40', 'Robot Companion Erabmieloevi', 'Sample description for Robot Companion Erabmieloevi', 472.96, 140),
('A41', 'Smart Mirror Ade', 'Sample description for Smart Mirror Ade', 264.35, 141),
('A42', 'Electric Toothbrush Csiyra', 'Sample description for Electric Toothbrush Csiyra', 337.85, 142),
('A43', 'Electric Scooter Gtiyriclifni', 'Sample description for Electric Scooter Gtiyriclifni', 345.68, 143),
('A44', 'Smart Oven Eteeke', 'Sample description for Smart Oven Eteeke', 247.45, 144),
('A45', 'Smart Luggage Udelnuopu', 'Sample description for Smart Luggage Udelnuopu', 195.86, 145),
('A46', 'Mechanical Gaming Mouse Ezi', 'Sample description for Mechanical Gaming Mouse Ezi', 269.45, 146),
('A47', 'Slow Cooker Izuxbuato', 'Sample description for Slow Cooker Izuxbuato', 270.91, 147),
('A48', 'Smart Refrigerator Epuubupvu', 'Sample description for Smart Refrigerator Epuubupvu', 349.65, 148),
('A49', 'Smart Hiking Backpack Ubeopu', 'Sample description for Smart Hiking Backpack Ubeopu', 190.58, 149),
('A50', 'Gaming Mouse Zponva', 'Sample description for Gaming Mouse Zponva', 212.22, 150),
('A51', 'Headphones Avuudiivievo', 'Sample description for Headphones Avuudiivievo', 428.63, 151),
('A52', 'Video Baby Monitor Croirijru', 'Sample description for Video Baby Monitor Croirijru', 302.20, 152),
('A53', 'Wireless Gaming Headset Abeebeipafmu', 'Sample description for Wireless Gaming Headset Abeebeipafmu', 447.03, 153),
('A54', 'Smart Mirrorless Camera Hvujkasza', 'Sample description for Smart Mirrorless Camera Hvujkasza', 377.52, 154),
('A55', 'Wireless Keyboard Ovauboyla', 'Sample description for Wireless Keyboard Ovauboyla', 292.27, 155),
('A56', 'Wireless Charging Car Mount Blupziudi', 'Sample description for Wireless Charging Car Mount Blupziudi', 197.70, 156),
('A57', 'Robot Lawn Mower Rse', 'Sample description for Robot Lawn Mower Rse', 226.37, 157),
('A58', 'Portable Bluetooth Speaker Ebagpo', 'Sample description for Portable Bluetooth Speaker Ebagpo', 253.85, 158),
('A59', 'Smart Suitcase Opexraona', 'Sample description for Smart Suitcase Opexraona', 120.94, 159),
('A60', 'Wireless Keyboard Gkeopiuga', 'Sample description for Wireless Keyboard Gkeopiuga', 272.07, 160),
('A61', 'Gaming Mouse Kkegmefmo', 'Sample description for Gaming Mouse Kkegmefmo', 342.63, 161),
('A62', 'Smart Meditation Headband Qdaudifpi', 'Sample description for Smart Meditation Headband Qdaudifpi', 441.97, 162),
('A63', 'Smart Bike Lock Ynavnevti', 'Sample description for Smart Bike Lock Ynavnevti', 89.50, 163),
('A64', 'Smart Jump Rope Lbuozuoviczo', 'Sample description for Smart Jump Rope Lbuozuoviczo', 75.59, 164),
('A65', 'Wireless Charging Stand Cdiozietitmi', 'Sample description for Wireless Charging Stand Cdiozietitmi', 274.72, 165),
('A66', 'Wireless Router Jgaese', 'Sample description for Wireless Router Jgaese', 159.53, 166),
('A67', 'Smart Piano Ekicmuuzoapi', 'Sample description for Smart Piano Ekicmuuzoapi', 353.68, 167),
('A68', 'Robot Companion Atu', 'Sample description for Robot Companion Atu', 465.09, 168),
('A69', 'External Hard Drive Lti', 'Sample description for External Hard Drive Lti', 492.17, 169),
('A70', 'Virtual Reality Headset Egeovuqpe', 'Sample description for Virtual Reality Headset Egeovuqpe', 410.37, 170),
('A71', 'Smart Ceiling Fan Ote', 'Sample description for Smart Ceiling Fan Ote', 278.94, 171),
('A72', 'Wireless Gaming Headset Btaeraebiota', 'Sample description for Wireless Gaming Headset Btaeraebiota', 428.46, 172),
('A73', 'Robot Companion Hdi', 'Sample description for Robot Companion Hdi', 259.87, 173),
('A74', 'Smart Luggage Jluaze', 'Sample description for Smart Luggage Jluaze', 287.60, 174),
('A75', 'Solar Power Bank Qmotbifvaame', 'Sample description for Solar Power Bank Qmotbifvaame', 353.66, 175),
('A76', 'Smart Plant Pot Okevzettegro', 'Sample description for Smart Plant Pot Okevzettegro', 172.24, 176),
('A77', 'Bluetooth Tracker Mle', 'Sample description for Bluetooth Tracker Mle', 186.69, 177),
('A78', 'Wireless Bike Computer Inecmoazu', 'Sample description for Wireless Bike Computer Inecmoazu', 406.65, 178),
('A79', 'Tablet Ide', 'Sample description for Tablet Ide', 53.16, 179),
('A80', 'Robot Lawn Mower Jko', 'Sample description for Robot Lawn Mower Jko', 378.50, 180),
('A81', 'Wireless Bike Computer Ybiysu', 'Sample description for Wireless Bike Computer Ybiysu', 278.60, 181),
('A82', 'Gaming Mouse Qreumu', 'Sample description for Gaming Mouse Qreumu', 211.99, 182),
('A83', 'Smart Ceiling Fan Idassaqva', 'Sample description for Smart Ceiling Fan Idassaqva', 214.91, 183),
('A84', 'Wireless Charging Desk Lamp Ttuuvoflo', 'Sample description for Wireless Charging Desk Lamp Ttuuvoflo', 272.46, 184),
('A85', 'Smart Water Bottle Jpu', 'Sample description for Smart Water Bottle Jpu', 206.74, 185),
('A86', 'Bluetooth Speaker Qpu', 'Sample description for Bluetooth Speaker Qpu', 105.36, 186),
('A87', 'Wireless Bike Computer Cnouse', 'Sample description for Wireless Bike Computer Cnouse', 419.29, 187),
('A88', 'Smart Suitcase Cli', 'Sample description for Smart Suitcase Cli', 419.81, 188),
('A89', 'Bluetooth Tracker Upenkaemiama', 'Sample description for Bluetooth Tracker Upenkaemiama', 312.88, 189),
('A90', 'Portable Bluetooth Speaker Rgirpi', 'Sample description for Portable Bluetooth Speaker Rgirpi', 419.83, 190),
('A91', 'Smart Home Speaker Ibodbinvuaku', 'Sample description for Smart Home Speaker Ibodbinvuaku', 216.15, 191),
('A92', 'Air Purifier Hzu', 'Sample description for Air Purifier Hzu', 119.73, 192),
('A93', 'Smart Backpack Uluhroyte', 'Sample description for Smart Backpack Uluhroyte', 210.96, 193),
('A94', 'Wireless HDMI Adapter Yru', 'Sample description for Wireless HDMI Adapter Yru', 434.62, 194),
('A95', 'Wireless Gaming Controller Tlobdoesiylu', 'Sample description for Wireless Gaming Controller Tlobdoesiylu', 199.76, 195),
('A96', 'Wireless Charging Desk Lamp Pluavakneale', 'Sample description for Wireless Charging Desk Lamp Pluavakneale', 349.06, 196),
('A97', 'Gaming Racing Wheel Ubenbo', 'Sample description for Gaming Racing Wheel Ubenbo', 238.85, 197),
('A98', 'Slow Cooker Uruoratdu', 'Sample description for Slow Cooker Uruoratdu', 485.82, 198),
('A99', 'Smart Light Bulbs Ogibve', 'Sample description for Smart Light Bulbs Ogibve', 221.06, 199)
;

START TRANSACTION;
SET	CONSTRAINTS	ALL	DEFERRED;
INSERT INTO "order" (order_no, cust_no, date)
VALUES  

(1, 1, '2022-10-16'),
(2, 2, '2022-02-25'),
(3, 2, '2022-09-04'),
(4, 3, '2022-11-11'),
(5, 4, '2022-01-06'),
(6, 4, '2022-11-16'),
(7, 5, '2022-11-11'),
(8, 6, '2022-10-03'),
(9, 7, '2022-11-07'),
(10, 7, '2022-07-10'),
(11, 7, '2022-01-15'),
(12, 8, '2022-04-10'),
(13, 8, '2022-11-07'),
(14, 8, '2022-04-17'),
(15, 9, '2022-11-20'),
(16, 9, '2022-03-01'),
(17, 10, '2022-11-14'),
(18, 11, '2022-06-10'),
(19, 12, '2022-08-15'),
(20, 12, '2022-01-07'),
(21, 13, '2022-01-04'),
(22, 13, '2022-06-15'),
(23, 13, '2022-10-15'),
(24, 14, '2022-05-05'),
(25, 15, '2022-08-03'),
(26, 15, '2022-07-26'),
(27, 15, '2022-10-13'),
(28, 16, '2022-03-06'),
(29, 16, '2022-09-25'),
(30, 17, '2022-03-21'),
(31, 19, '2022-02-06'),
(32, 19, '2022-09-18'),
(33, 20, '2022-03-01'),
(34, 20, '2022-04-13'),
(35, 21, '2022-08-10'),
(36, 21, '2022-04-11'),
(37, 21, '2022-12-20'),
(38, 22, '2022-02-16'),
(39, 23, '2022-12-08'),
(40, 23, '2022-07-04'),
(41, 24, '2022-10-11'),
(42, 24, '2022-11-19'),
(43, 25, '2022-05-04'),
(44, 25, '2022-10-05'),
(45, 26, '2022-10-05'),
(46, 26, '2022-01-26'),
(47, 26, '2022-03-04'),
(48, 27, '2022-05-08'),
(49, 27, '2022-08-05'),
(50, 28, '2022-11-09'),
(51, 28, '2022-01-17'),
(52, 28, '2022-10-25'),
(53, 29, '2022-05-27'),
(54, 30, '2022-12-16'),
(55, 31, '2022-09-25'),
(56, 32, '2022-10-12'),
(57, 32, '2022-05-26'),
(58, 33, '2022-05-23'),
(59, 33, '2022-05-18'),
(60, 33, '2022-03-03'),
(61, 34, '2022-04-25'),
(62, 34, '2022-12-05'),
(63, 34, '2022-03-23'),
(64, 35, '2022-06-18'),
(65, 36, '2022-02-25'),
(66, 36, '2022-08-18'),
(67, 36, '2022-03-02'),
(68, 37, '2022-07-04'),
(69, 37, '2022-05-01'),
(70, 38, '2022-06-26'),
(71, 40, '2022-09-13'),
(72, 41, '2022-09-21'),
(73, 41, '2022-05-23'),
(74, 42, '2022-04-12'),
(75, 43, '2022-08-09'),
(76, 43, '2022-08-15'),
(77, 44, '2022-06-19'),
(78, 45, '2022-03-10'),
(79, 45, '2022-09-22'),
(80, 45, '2022-05-20'),
(81, 46, '2022-10-21'),
(82, 47, '2022-11-26'),
(83, 47, '2022-07-10'),
(84, 48, '2022-01-16'),
(85, 49, '2022-05-02'),
(86, 49, '2022-08-15'),
(87, 49, '2022-11-16'),
(88, 50, '2022-02-10'),
(89, 50, '2022-08-17'),
(90, 50, '2022-04-10'),
(91, 51, '2022-03-17'),
(92, 51, '2022-08-27'),
(93, 53, '2022-01-27'),
(94, 53, '2022-07-24'),
(95, 53, '2022-04-04'),
(96, 55, '2022-01-25'),
(97, 55, '2022-08-22'),
(98, 56, '2022-11-24'),
(99, 56, '2022-10-24'),
(100, 57, '2022-10-19'),
(101, 57, '2022-03-02'),
(102, 57, '2022-10-20'),
(103, 58, '2022-04-08'),
(104, 59, '2022-01-22'),
(105, 60, '2022-04-10'),
(106, 60, '2022-04-15'),
(107, 60, '2022-07-09'),
(108, 61, '2022-04-07'),
(109, 61, '2022-06-18'),
(110, 61, '2022-04-04'),
(111, 63, '2022-06-23'),
(112, 64, '2022-03-12'),
(113, 64, '2022-09-24'),
(114, 64, '2022-03-10'),
(115, 65, '2022-04-11'),
(116, 65, '2022-10-17'),
(117, 65, '2022-12-06'),
(118, 66, '2022-12-12'),
(119, 66, '2022-05-06'),
(120, 66, '2022-08-01'),
(121, 67, '2022-06-01'),
(122, 67, '2022-11-04'),
(123, 68, '2022-01-21'),
(124, 70, '2022-12-14'),
(125, 70, '2022-03-22'),
(126, 70, '2022-12-11'),
(127, 72, '2022-10-19'),
(128, 73, '2022-12-04'),
(129, 73, '2022-03-22'),
(130, 74, '2022-11-06'),
(131, 74, '2022-03-06'),
(132, 75, '2022-07-18'),
(133, 75, '2022-10-24'),
(134, 75, '2022-12-23'),
(135, 76, '2022-01-07'),
(136, 76, '2022-03-10'),
(137, 77, '2022-05-15'),
(138, 78, '2022-09-10'),
(139, 78, '2022-07-01'),
(140, 78, '2022-04-06'),
(141, 79, '2022-06-04'),
(142, 79, '2022-04-19'),
(143, 80, '2022-05-10'),
(144, 80, '2022-09-19'),
(145, 82, '2022-08-08'),
(146, 82, '2022-04-14'),
(147, 82, '2022-03-01'),
(148, 83, '2022-05-14'),
(149, 83, '2022-03-05'),
(150, 83, '2022-08-16'),
(151, 84, '2022-06-22'),
(152, 84, '2022-12-24'),
(153, 84, '2022-01-12'),
(154, 85, '2022-11-22'),
(155, 85, '2022-08-23'),
(156, 86, '2022-09-10'),
(157, 86, '2022-12-04'),
(158, 86, '2022-12-05'),
(159, 87, '2022-09-26'),
(160, 88, '2022-11-09'),
(161, 88, '2022-04-19'),
(162, 89, '2022-04-17'),
(163, 89, '2022-06-27'),
(164, 89, '2022-01-07'),
(165, 90, '2022-05-18'),
(166, 91, '2022-06-28'),
(167, 92, '2022-06-02'),
(168, 92, '2022-02-25'),
(169, 92, '2022-04-07'),
(170, 93, '2022-06-20'),
(171, 93, '2022-06-08'),
(172, 94, '2022-05-18'),
(173, 95, '2022-06-02'),
(174, 95, '2022-05-17'),
(175, 95, '2022-08-17'),
(176, 96, '2022-07-01'),
(177, 98, '2022-12-15'),
(178, 98, '2022-06-02'),
(179, 99, '2022-01-10')
;

INSERT INTO contains (order_no, SKU, qty)
VALUES

(1, 'A88', 2),
(2, 'A10', 2),
(3, 'A96', 9),
(4, 'A91', 7),
(5, 'A65', 9),
(6, 'A57', 13),
(7, 'A58', 6),
(8, 'A29', 10),
(9, 'A4', 9),
(10, 'A48', 5),
(11, 'A69', 11),
(12, 'A38', 8),
(13, 'A64', 1),
(14, 'A67', 11),
(15, 'A39', 15),
(16, 'A51', 6),
(17, 'A53', 10),
(18, 'A68', 11),
(19, 'A24', 7),
(20, 'A75', 13),
(21, 'A69', 5),
(22, 'A6', 15),
(23, 'A51', 8),
(24, 'A8', 15),
(25, 'A28', 9),
(26, 'A53', 7),
(27, 'A41', 6),
(28, 'A64', 4),
(29, 'A47', 6),
(30, 'A87', 8),
(31, 'A53', 13),
(32, 'A18', 6),
(33, 'A48', 13),
(34, 'A65', 3),
(35, 'A92', 14),
(36, 'A98', 2),
(37, 'A76', 12),
(38, 'A57', 9),
(39, 'A46', 11),
(40, 'A29', 15),
(41, 'A63', 11),
(42, 'A98', 13),
(43, 'A88', 14),
(44, 'A14', 9),
(45, 'A32', 10),
(46, 'A52', 4),
(47, 'A5', 8),
(48, 'A89', 3),
(49, 'A27', 13),
(50, 'A61', 3),
(51, 'A58', 1),
(52, 'A49', 5),
(53, 'A21', 1),
(54, 'A28', 13),
(55, 'A76', 12),
(56, 'A34', 3),
(57, 'A23', 13),
(58, 'A22', 3),
(59, 'A59', 6),
(60, 'A47', 6),
(61, 'A83', 4),
(62, 'A81', 1),
(63, 'A38', 2),
(64, 'A50', 13),
(65, 'A65', 1),
(66, 'A89', 12),
(67, 'A23', 2),
(68, 'A92', 11),
(69, 'A96', 9),
(70, 'A19', 4),
(71, 'A70', 5),
(72, 'A76', 12),
(73, 'A70', 3),
(74, 'A43', 13),
(75, 'A30', 4),
(76, 'A13', 3),
(77, 'A59', 5),
(78, 'A5', 9),
(79, 'A40', 11),
(80, 'A70', 10),
(81, 'A17', 9),
(82, 'A69', 8),
(83, 'A99', 1),
(84, 'A75', 6),
(85, 'A65', 2),
(86, 'A11', 6),
(87, 'A89', 2),
(88, 'A47', 4),
(89, 'A70', 3),
(90, 'A95', 4),
(91, 'A79', 10),
(92, 'A20', 6),
(93, 'A82', 9),
(94, 'A44', 11),
(95, 'A12', 5),
(96, 'A65', 2),
(97, 'A45', 1),
(98, 'A36', 14),
(99, 'A92', 13),
(100, 'A98', 3),
(101, 'A54', 8),
(102, 'A49', 12),
(103, 'A87', 14),
(104, 'A98', 2),
(105, 'A54', 6),
(106, 'A5', 8),
(107, 'A31', 5),
(108, 'A44', 11),
(109, 'A47', 2),
(110, 'A32', 3),
(111, 'A31', 10),
(112, 'A85', 13),
(113, 'A10', 2),
(114, 'A49', 2),
(115, 'A8', 13),
(116, 'A42', 8),
(117, 'A17', 12),
(118, 'A87', 7),
(119, 'A99', 3),
(120, 'A53', 6),
(121, 'A1', 9),
(122, 'A29', 15),
(123, 'A1', 5),
(124, 'A88', 14),
(125, 'A9', 10),
(126, 'A3', 11),
(127, 'A80', 3),
(128, 'A62', 3),
(129, 'A12', 6),
(130, 'A67', 13),
(131, 'A63', 4),
(132, 'A99', 4),
(133, 'A33', 1),
(134, 'A39', 11),
(135, 'A32', 15),
(136, 'A17', 11),
(137, 'A36', 14),
(138, 'A43', 1),
(139, 'A12', 1),
(140, 'A6', 12),
(141, 'A9', 14),
(142, 'A2', 8),
(143, 'A38', 1),
(144, 'A11', 12),
(145, 'A98', 8),
(146, 'A17', 5),
(147, 'A40', 7),
(148, 'A31', 1),
(149, 'A5', 3),
(150, 'A58', 2),
(151, 'A86', 5),
(152, 'A80', 5),
(153, 'A29', 3),
(154, 'A16', 3),
(155, 'A55', 7),
(156, 'A9', 8),
(157, 'A99', 6),
(158, 'A57', 4),
(159, 'A21', 12),
(160, 'A89', 6),
(161, 'A19', 15),
(162, 'A79', 4),
(163, 'A33', 6),
(164, 'A32', 1),
(165, 'A13', 4),
(166, 'A80', 12),
(167, 'A79', 2),
(168, 'A20', 12),
(169, 'A34', 5),
(170, 'A83', 7),
(171, 'A29', 1),
(172, 'A13', 4),
(173, 'A89', 11),
(174, 'A49', 1),
(175, 'A4', 14),
(176, 'A64', 7),
(177, 'A48', 7),
(178, 'A35', 12),
(179, 'A16', 2)
;
COMMIT;	

INSERT INTO pay (order_no, cust_no)
VALUES

(1, 1),
(3, 2),
(4, 3),
(7, 5),
(8, 6),
(9, 7),
(10, 7),
(11, 7),
(12, 8),
(14, 8),
(16, 9),
(18, 11),
(19, 12),
(20, 12),
(21, 13),
(22, 13),
(24, 14),
(25, 15),
(26, 15),
(30, 17),
(31, 19),
(32, 19),
(34, 20),
(35, 21),
(36, 21),
(38, 22),
(40, 23),
(43, 25),
(44, 25),
(46, 26),
(47, 26),
(48, 27),
(49, 27),
(50, 28),
(55, 31),
(56, 32),
(58, 33),
(59, 33),
(61, 34),
(62, 34),
(63, 34),
(64, 35),
(71, 40),
(73, 41),
(75, 43),
(76, 43),
(77, 44),
(78, 45),
(82, 47),
(83, 47),
(84, 48),
(85, 49),
(87, 49),
(89, 50),
(91, 51),
(96, 55),
(97, 55),
(99, 56),
(102, 57),
(103, 58),
(104, 59),
(106, 60),
(109, 61),
(112, 64),
(113, 64),
(114, 64),
(115, 65),
(119, 66),
(120, 66),
(121, 67),
(122, 67),
(124, 70),
(125, 70),
(127, 72),
(130, 74),
(133, 75),
(134, 75),
(135, 76),
(136, 76),
(137, 77),
(138, 78),
(140, 78),
(143, 80),
(145, 82),
(146, 82),
(148, 83),
(149, 83),
(150, 83),
(151, 84),
(153, 84),
(155, 85),
(164, 89),
(165, 90),
(166, 91),
(167, 92),
(169, 92),
(171, 93),
(173, 95),
(174, 95),
(175, 95),
(176, 96),
(177, 98),
(178, 98),
(179, 99)
;

INSERT INTO supplier (TIN, name, address, SKU, date)
VALUES 

('1', 'Superior Trade Connections Ykeiruipoedi', 'Central Avenue, 2150-619 Olhão', 'A1', '2022-04-22'),
('2', 'Elite Imports Inc. Omopne', 'Pleasant Street, 7801-165 Santa Cruz', 'A2', '2022-08-03'),
('3', 'XYZ Company Ftoomirlapru', 'Peachtree Street, 3041-755 Cartaxo', 'A3', '2022-07-06'),
('4', 'Trade Connections International Useqgobda', 'Lake Street, 6295-249 Cantanhede', 'A4', '2022-02-16'),
('5', 'Superior Trade Connections Rmuuku', 'Rua de Ceuta, 1833-235 Cantanhede', 'A5', '2022-11-02'),
('6', 'Wholesale Direct Supplies Qta', 'Pine Lane, 5586-373 Covilhã', 'A6', '2022-10-09'),
('7', 'Quick Sourcing Solutions Qbeovuupiama', 'Grove Avenue, 9071-213 Vizela', 'A7', '2022-07-28'),
('8', 'Global Imports Inc. Lkaipuapuipe', 'Sunset Boulevard, 4219-708 Peso da Régua', 'A8', '2022-10-12'),
('9', 'Global Direct Supplies Bzefkadmi', 'Hickory Lane, 5739-239 Sesimbra', 'A9', '2022-08-07'),
('10', 'Best Deals Inc. Uzitnarpeido', 'Travessa dos Mercadores, 6075-295 Angra do Heroísmo', 'A10', '2022-07-13'),
('11', 'Top Trade Express Dvaggignu', 'Avenida do Parque da Cidade, 6089-208 Vila Real', 'A11', '2022-01-02'),
('12', 'Top Trade Express Ikijpu', 'Rua Mouzinho da Silveira, 2492-804 Chaves', 'A12', '2022-09-21'),
('13', 'Direct Trade Co. Zriuba', 'Travessa da Prelada, 2758-859 Beja', 'A13', '2022-08-19'),
('14', 'Quality Trading Co. Uge', 'Cypress Lane, 4546-443 Águeda', 'A14', '2022-06-02'),
('15', 'Quality Suppliers Ltd. Qkidruuru', 'Largo do Amor de Perdição, 9347-176 Pombal', 'A15', '2022-08-14'),
('16', 'Best Deals Inc. Mmi', 'Spruce Street, 4968-849 Vila Nova de Famalicão', 'A16', '2022-08-18'),
('17', 'Reliable Merchandise Distributors Jni', 'Largo de São João Novo, 3207-192 Seixal', 'A17', '2022-05-12'),
('18', 'Global Imports Inc. Tsaego', 'Park Road, 2750-643 Póvoa de Varzim', 'A18', '2022-10-13'),
('19', 'Value Wholesale Express Asu', 'Willow Lane, 5476-424 Águeda', 'A19', '2022-08-15'),
('20', 'Superior Trade Connections Nsesmo', 'High Street, 8918-276 Barreiro', 'A20', '2022-01-03'),
('21', 'Superior Wholesale Suppliers Kgi', 'Praça dos Leões, 6998-410 Figueiró dos Vinhos', 'A21', '2022-08-18'),
('22', 'Quick Wholesale Suppliers Irafbilmejga', 'Praça de D. João I, 2210-938 Sesimbra', 'A22', '2022-08-01'),
('23', 'Infinite Sourcing Solutions Ala', 'Cottonwood Lane, 4048-904 Cantanhede', 'A23', '2022-11-18'),
('24', 'Mega Supplies Corporation Cke', 'Elmwood Avenue, 3684-984 Redondo', 'A24', '2022-12-21'),
('25', 'Global Imports Inc. Ugiima', 'Avenida Dom Afonso Henriques, 6937-455 Pombal', 'A25', '2022-12-23'),
('26', 'Premier Direct Supplies Amu', 'Rua do Rosário, 3520-468 Oeiras', 'A26', '2022-06-01'),
('27', 'Premier Sourcing Solutions Urejtautinso', 'Largo do Priorado, 3403-814 Vila Nova de Gaia', 'A27', '2022-04-23'),
('28', 'Premier Suppliers Ltd. Epuisejku', 'Travessa dos Mártires, 7730-983 Pombal', 'A28', '2022-11-17'),
('29', 'Global Express Inc. Arundeedi', 'Avenida de Montevideu, 4943-138 Fafe', 'A29', '2022-07-26'),
('30', 'Elite Suppliers Ltd. Uroizo', 'Avenida dos Aliados, 2967-678 Vila Real', 'A30', '2022-06-15'),
('31', 'Global Trade Connections Pripsirma', 'River Road, 3819-741 Vila Nova de Famalicão', 'A31', '2022-02-18'),
('32', 'Value Distribution Services Vdiadoigu', 'Largo dos Lóios, 3170-197 Santarém', 'A32', '2022-07-07'),
('33', 'Trusted Sourcing Solutions Ivitravduudo', 'Largo dos Lóios, 7689-422 Câmara de Lobos', 'A33', '2022-01-04'),
('34', 'Superior Trade Connections Wdokgocmu', 'Praça da Batalha, 2903-802 Fafe', 'A34', '2022-01-12'),
('35', 'Direct Wholesale Connections Kkoutaslu', 'Avenida Infante Dom Henrique, 9321-543 Chaves', 'A35', '2022-01-19'),
('36', 'Global Sourcing Partners Eli', 'Orchard Street, 4639-882 Viana do Castelo', 'A36', '2022-07-16'),
('37', 'Global Trade Connections Onesmo', 'Largo de São João Novo, 9085-204 Santa Maria da Feira', 'A37', '2022-12-18'),
('38', 'Premier Suppliers Ltd. Aku', 'Peachtree Street, 6035-472 Vila Real', 'A38', '2022-12-07'),
('39', 'Top Notch Imports Imo', 'Rua de Santo Ildefonso, 3468-715 Águeda', 'A39', '2022-11-02'),
('40', 'Infinite Sourcing Partners Ubizvoope', 'Rua de Gonçalo Cristóvão, 7785-589 Vendas Novas', 'A40', '2022-01-26'),
('41', 'Global Imports Inc. Imekzi', 'Walnut Street, 2316-157 Lisbon', 'A41', '2022-05-09'),
('42', 'Infinite Sourcing Partners Ydi', 'Avenida Central, 3984-667 Vila do Bispo', 'A42', '2022-06-23'),
('43', 'Value Distribution Services Aderkoele', 'Rua de Cedofeita, 4195-555 Matosinhos', 'A43', '2022-01-28'),
('44', 'Direct Sourcing Solutions Kpuanagdo', 'River Street, 8421-868 Lagoa', 'A44', '2022-11-14'),
('45', 'Best Deals Inc. Mpeute', 'Maple Lane, 9015-407 Ovar', 'A45', '2022-02-25'),
('46', 'Quick Distribution Services Lsoqma', 'Avenida Marechal Gomes da Costa, 3328-296 Almancil', 'A46', '2022-10-07'),
('47', 'Top Trade Express Zlajtodbitvi', 'Rua de Santa Catarina de Alexandria, 4102-789 São João da Madeira', 'A47', '2022-02-23'),
('48', 'Prime Trade Connections Ara', 'Cedar Street, 3912-283 Montijo', 'A48', '2022-04-04'),
('49', 'Mega Trade Co. Qmaekeisa', 'Poplar Lane, 2705-705 Amora', 'A49', '2022-11-18'),
('50', 'Prime Sourcing Group Gka', 'Praça de Carlos Alberto, 3159-410 Odivelas', 'A50', '2022-12-06'),
('51', 'Elite Imports Inc. Wmo', 'Pine Lane, 6609-555 Entroncamento', 'A51', '2022-06-13'),
('52', 'Prime Wholesale Suppliers Mtu', 'Meadow Lane, 7042-247 Angra do Heroísmo', 'A52', '2022-09-18'),
('53', 'Direct Trade Co. Fneoto', 'Prospect Avenue, 4120-954 Viana do Castelo', 'A53', '2022-09-28'),
('54', 'Reliable Notch Imports Onuaromnu', 'Praça de Carlos Alberto, 8605-806 Amarante', 'A54', '2022-09-20'),
('55', 'Superior Trade Connections Ydenda', 'North Street, 4035-560 Entroncamento', 'A55', '2022-02-28'),
('56', 'Premier Merchandise Group Ssaqmi', 'Rua de Gonçalo Cristóvão, 6508-275 Lagoa', 'A56', '2022-04-07'),
('57', 'Prime Wholesale Suppliers Bnaosompe', 'Acacia Avenue, 5809-628 Maia', 'A57', '2022-04-14'),
('58', 'Reliable Direct Imports Zli', 'Riverside Drive, 6516-522 Ovar', 'A58', '2022-11-02'),
('59', 'Prime Connections International Wve', 'Avenida Central, 9899-975 Vila Franca de Xira', 'A59', '2022-02-26'),
('60', 'Direct Importers Inc. Oki', 'Elmwood Avenue, 8952-263 São João da Madeira', 'A60', '2022-09-11'),
('61', 'Infinite Sourcing Partners Udiekuikaoga', 'Praça de Almeida Garrett, 8072-507 Loures', 'A61', '2022-07-04'),
('62', 'Direct Wholesale Connections Inasvonti', 'Largo da Maternidade, 6496-211 Faro', 'A62', '2022-08-24'),
('63', 'Trusted Suppliers Ltd. Cveasa', 'Rua de Cedofeita, 7703-210 Leiria', 'A63', '2022-11-10'),
('64', 'Infinite Imports Inc. Imoasa', 'Largo da Maternidade, 3103-991 Beja', 'A64', '2022-03-06'),
('65', 'Prime Sourcing Group Alumretmuibi', 'Travessa das Oliveiras, 6922-532 Peniche', 'A65', '2022-11-06'),
('66', 'Elite Imports Inc. Ope', 'Travessa do Almada, 1142-190 Espinho', 'A66', '2022-02-20'),
('67', 'Superior Imports Ltd. Ygeldelpa', 'Washington Street, 6407-912 Gondomar', 'A67', '2022-03-19'),
('68', 'Reliable Distribution Services Oguiru', 'Cedar Lane, 2156-782 Torres Vedras', 'A68', '2022-10-20'),
('69', 'Direct Importers Inc. Mguumu', 'Travessa do Rosário, 3610-206 Almada', 'A69', '2022-01-05'),
('70', 'Global Trade Connections Gziilidkuole', 'Largo da Sé, 3679-196 Setúbal', 'A70', '2022-05-23'),
('71', 'Elite Imports Inc. Ybaipexne', 'Poplar Lane, 5621-549 Marco de Canaveses', 'A71', '2022-12-21'),
('72', 'Wholesale Direct Supplies Ivezseple', 'High Street, 1246-527 Espinho', 'A72', '2022-07-02'),
('73', 'Reliable Sourcing Solutions Uzu', 'Rua de Santo Ildefonso, 5688-826 Almada', 'A73', '2022-02-16'),
('74', 'Trusted Importers Inc. Fsoanebra', 'Poplar Lane, 5834-574 Viana do Alentejo', 'A74', '2022-11-10'),
('75', 'Quality Trading Company Tticbuonizpi', 'Broadway, 6107-969 Vila Real de Santo António', 'A75', '2022-08-25'),
('76', 'Infinite Sourcing Partners Evaezapdi', 'Bridge Street, 6883-692 Pombal', 'A76', '2022-12-07'),
('77', 'Trusted Suppliers Ltd. Ese', 'Elmwood Avenue, 1257-826 Vila Franca de Xira', 'A77', '2022-01-21'),
('78', 'Global Wholesale Express Idoovalzaisu', 'North Street, 1718-896 Santa Maria da Feira', 'A78', '2022-06-24'),
('79', 'Global Imports Inc. Xdadzu', 'Victoria Road, 4128-402 Vila do Bispo', 'A79', '2022-05-25'),
('80', 'Quality Merchandise Distributors Plu', 'Avenida Central, 4163-849 Ermesinde', 'A80', '2022-12-01'),
('81', 'Quality Trading Company Ogoesu', 'Praça da Ribeira, 1699-983 Amora', 'A81', '2022-10-07'),
('82', 'Reliable Sourcing Solutions Kriakaibo', 'Largo da Maternidade, 1527-460 Evora', 'A82', '2022-08-10'),
('83', 'Infinite Sourcing Partners Rriamu', 'Garden Lane, 8275-892 Faro', 'A83', '2022-11-20'),
('84', 'Direct Wholesale Connections Asi', 'Magnolia Court, 2471-583 Oliveira de Azeméis', 'A84', '2022-02-03'),
('85', 'Quality Trading Company Lruxdarze', 'Summer Street, 5188-264 Sesimbra', 'A85', '2022-10-22'),
('86', 'Top Trade Express Wbu', 'Main Street, 3571-473 Marco de Canaveses', 'A86', '2022-04-21'),
('87', 'XYZ Company Pla', 'Hillside Avenue, 4228-458 Vila Real de Santo António', 'A87', '2022-09-15'),
('88', 'Direct Sourcing Ltd. Tpu', 'Praça dos Leões, 8484-648 Amadora', 'A88', '2022-02-08'),
('89', 'Elite Suppliers Ltd. Csuuze', 'Magnolia Court, 2504-468 Amadora', 'A89', '2022-07-16'),
('90', 'Elite Imports Inc. Nvu', 'Park Lane, 4677-737 Santa Cruz', 'A90', '2022-01-06'),
('91', 'Trusted Sourcing Solutions Ekuvtounicsa', 'Orchard Street, 2573-528 Sesimbra', 'A91', '2022-06-13'),
('92', 'Value Sourcing Solutions Ureoruilerru', 'Pine Lane, 3820-225 Olhão', 'A92', '2022-03-02'),
('93', 'Elite Sourcing Solutions Rguwzieka', 'Victoria Road, 6212-344 Figueira da Foz', 'A93', '2022-11-06'),
('94', 'Mega Supplies Corporation Ane', 'Rua de Santa Teresa, 1993-786 Covilhã', 'A94', '2022-12-25'),
('95', 'Infinite Sourcing Solutions Avohpu', 'Forest Drive, 2893-152 Maia', 'A95', '2022-08-01'),
('96', 'Quick Trade Connections Qka', 'Elm Street, 1044-951 Portalegre', 'A96', '2022-09-03'),
('97', 'Prime Wholesale Suppliers Abugvaonopda', 'Rua de Cedofeita, 6375-478 Lagoa', 'A97', '2022-11-05'),
('98', 'Top Trade Express Aruikarpomza', 'Windsor Road, 9003-237 Amora', 'A98', '2022-03-06'),
('99', 'Quick Imports Ltd. Idepvu', 'Juniper Lane, 6458-734 Figueiró dos Vinhos', 'A99', '2022-12-15')
;

-- Values are only for testing purposes and do not represent a final database --

-- Insert sample data into customer table
INSERT INTO customer (cust_no, name, email, phone, address) 
VALUES 
    (1, 'Pobre', 'pobre@mail.com','(351)966666666', 'Chelas Central, 1111-283 Lisboa'),       -- no orders 
    (2, 'Maria Santos',  'maria.santos@mail.com', '(351)911111111', 'Praca da Liberdade, 1360-490 Porto'),      -- some paid (not top), unpaid excede top
    (3, 'Rico', 'rico@mail.com', '(351)922222222', 'Avenida da Liberdade, 1660-491 Lisboa'),       -- top by single sale
    (4, 'Rico V2', 'rico.v2@mail.com', '(351)955555555', 'Casino Estoril, 2060-495 Cascais'),     -- top by multiple sales
    (5, 'Pedro Pobre', 'pedro.pobre@mail.com', '(351)933333333', 'Estacao Cacem, 3012-420 Sintra'),     -- doesn't pay
    (6, 'Rico V2', 'rico.v0@mail.com', '(351)955555555', 'Casino Estoril, 2060-495 Cascais'),
    (7, 'testing1', 'testing.v1@mail.com', '(351)955555555', 'Casino Estoril, 2060-495 Cascais'),
    (8, 'testing2', 'testing.v2@mail.com', '(351)955555555', 'Casino Estoril, 2060-495 Cascais'),
    (9, 'testing3', 'testing.v3@mail.com', '(351)955555555', 'Casino Estoril, 2060-495 Cascais'),
    (10, 'testing4', 'testing.v4@mail.com', '(351)955555555', 'Casino Estoril, 2060-495 Cascais'),
    (11, 'testing5', 'testing.v5@mail.com', '(351)955555555', 'Casino Estoril, 2060-495 Cascais'),
    (12, 'testing6', 'testing.v6@mail.com', '(351)955555555', 'Casino Estoril, 2060-495 Cascais'),
    (13, 'testing7', 'testing.v7@mail.com', '(351)955555555', 'Casino Estoril, 2060-495 Cascais'),
    (14, 'testing8', 'testing.v8@mail.com', '(351)955555555', 'Casino Estoril, 2060-495 Cascais'),
    (15, 'testing9', 'testing.v9@mail.com', '(351)955555555', 'Casino Estoril, 2060-495 Cascais'),
    (16, 'testing10', 'testing.v10@mail.com', '(351)955555555', 'Casino Estoril, 2060-495 Cascais'),
    (17, 'testing11', 'testing.v11@mail.com', '(351)955555555', 'Casino Estoril, 2060-495 Cascais'),
    (18, 'testing12', 'testing.v12@mail.com', '(351)955555555', 'Casino Estoril, 2060-495 Cascais'),
    (19, 'testing13', 'testing.v13@mail.com', '(351)955555555', 'Casino Estoril, 2060-495 Cascais'),
    (20, 'testing14', 'testing.v14@mail.com', '(351)955555555', 'Casino Estoril, 2060-495 Cascais'),
    (21, 'testing15', 'testing.v15@mail.com', '(351)955555555', 'Casino Estoril, 2060-495 Cascais'),
    (22, 'testing16', 'testing.v16@mail.com', '(351)955555555', 'Casino Estoril, 2060-495 Cascais'),
    (23, 'testing17', 'testing.v17@mail.com', '(351)955555555', 'Casino Estoril, 2060-495 Cascais'),
    (24, 'testing18', 'testing.v18@mail.com', '(351)955555555', 'Casino Estoril, 2060-495 Cascais'),
    (25, 'testing19', 'testing.v19@mail.com', '(351)955555555', 'Casino Estoril, 2060-495 Cascais'),
    (26, 'testing20', 'testing.v20@mail.com', '(351)955555555', 'Casino Estoril, 2060-495 Cascais'),
    (27, 'testing21', 'testing.v21@mail.com', '(351)955555555', 'Casino Estoril, 2060-495 Cascais'),
    (28, 'testing22', 'testing.v22@mail.com', '(351)955555555', 'Casino Estoril, 2060-495 Cascais'),
    (29, 'testing23', 'testing.v23@mail.com', '(351)955555555', 'Casino Estoril, 2060-495 Cascais'),
    (30, 'testing24', 'testing.v24@mail.com', '(351)955555555', 'Casino Estoril, 2060-495 Cascais');
    

-- Insert sample data into product table
INSERT INTO product (SKU, name, description, price, ean)
VALUES 
    ('1A01', 'Banana', 'Monke Like', 0.50, NULL),
    ('1A02', 'TV 1K',  'Ultra HD', 499.00, NULL),
    ('1A03', 'Switch',  'Zelda Gaming', 299.00, 1234567890001),
    ('1A04', 'BMW', 'Aus Freude am Fahren', 5485.00, NULL);

-- Insert sample data into order and contains tables
START TRANSACTION;
SET	CONSTRAINTS	ALL	DEFERRED;
INSERT INTO "order" (order_no, cust_no, date)
VALUES 
    (1, 2, '2022-01-08'),
    (2, 2, '2022-01-30'),
    (3, 2, '2022-02-02'),
    (4, 3, '2022-03-01'),
    (5, 4, '2023-03-01'),
    (6, 4, '2022-06-23'),
    (7, 5, '2022-06-05'),
    (9, 5, '2022-06-05'),
    (8, 5, '2023-07-10');

INSERT INTO contains (order_no, SKU, qty)
VALUES
    (1, '1A01', 25), (2, '1A03', 2), (3, '1A04', 2),
    (4, '1A04', 1), (5, '1A02', 5), (6, '1A03', 10),
    (7, '1A04', 1), (8, '1A02', 2), (9, '1A01', 1);

COMMIT;	

-- Insert sample data into order table (to check IC)
INSERT INTO "order" (order_no, cust_no, date)
VALUES (99, 1, '2023-01-01');                -- check not in contains IC

-- Insert sample data into sale table
INSERT INTO pay (order_no, cust_no)
VALUES
    (1, 2), (2, 2), (4, 3),
    (5, 4), (6, 4);

-- Insert sample data into employee table
INSERT INTO employee (ssn, TIN, bdate, name)
VALUES 
    (100000001, '10001', '1945-09-02', 'Manel Trabalhador'),
    (100000002, '10002', '1975-03-23', 'Jose Folgas'),
    (100000003, '10003', '1945-09-02', 'Joaquim Passado'),
    (100000004, '10004', '1975-03-23', 'Maria Extra');

INSERT INTO employee (ssn, TIN, bdate, name)
VALUES 
    (100000005, '10005', '2022-01-01', 'Joaozinho');        -- check age < 18 IC

-- Insert sample data into process table
INSERT INTO process (ssn, order_no)
VALUES  
    (100000001, 1), (100000001, 2), (100000001, 3), (100000001, 4), 
    (100000001, 6), (100000001, 7), (100000002, 1), (100000002, 2), 
    (100000002, 3), (100000002, 4), (100000002, 6), (100000003, 1), 
    (100000003, 2), (100000003, 3), (100000003, 5), (100000003, 6), 
    (100000003, 7), (100000004, 1), (100000004, 2), (100000004, 3), 
    (100000004, 4), (100000004, 6), (100000004, 7), (100000004, 8);

-- Insert sample data into department table
INSERT INTO department (name)
VALUES
    ('Sales'), ('Logistics'), ('IT');

-- Insert sample data into wworkplace, office and warehouse tables
START TRANSACTION;
SET	CONSTRAINTS	ALL	DEFERRED;
    -- Insert sample data into workplace table
    INSERT INTO workplace (address, lat, long)
    VALUES 
        ('Rua do Poder, 6290-500 PodeVille', 0.000, 45.000),
        ('Parque do Tejo, 2340-123 Oeiras', 38.737, -9.302);

    INSERT INTO office (address)
    VALUES
        ('Parque do Tejo, 2340-123 Oeiras');

    -- Insert sample data into warehouse table
    INSERT INTO warehouse (address)
    VALUES
        ('Rua do Poder, 6290-500 PodeVille');

COMMIT;	

-- Insert sample data into wworkplace, office and warehouse tables (to check IC)
START TRANSACTION;
SET	CONSTRAINTS	ALL	DEFERRED;
    -- Insert sample data into workplace table
    INSERT INTO workplace (address, lat, long)
    VALUES 
        ('Rua Ambos, 5555-555 AmbosLand', 45.000, 45.000);      -- check both IC

    INSERT INTO office (address)
    VALUES
        ('Rua Ambos, 5555-555 AmbosLand');      -- for both IC

    -- Insert sample data into warehouse table
    INSERT INTO warehouse (address)
    VALUES
        ('Rua Ambos, 5555-555 AmbosLand');      -- for both IC

COMMIT;	

-- Insert sample data into workplace table
INSERT INTO workplace (address, lat, long)
VALUES 
    ('Rua do Cafe, 1111-111 CafeLand', 0.000, 0.000);       -- check none IC

-- Insert sample data into works table
INSERT INTO works (ssn, name, address)
VALUES 
    (100000001, 'Sales', 'Parque do Tejo, 2340-123 Oeiras'),
    (100000002, 'Logistics', 'Rua do Poder, 6290-500 PodeVille'),
    (100000003, 'IT', 'Rua do Poder, 6290-500 PodeVille'),
    (100000004, 'IT', 'Parque do Tejo, 2340-123 Oeiras');

-- Insert sample data into supplier table
INSERT INTO supplier (TIN, name, address, SKU, date)
VALUES 
    (20001, 'Bausk', 'Parque das Lagoas, 5350-250 Lagoa', '1A01', '2021-01-01'),
    (20002, 'Tvusk', 'Avenida Duque dAvila, 2202-111 Lisboa', '1A02', '2021-01-01'),
    (20003, 'Swusk', 'Rua da Luz, 4321-123 Lisboa', '1A03', '2021-01-01'),
    (20004, 'Causk', 'Alameda dos Oceanos, 3020-291 Lisboa', '1A04', '2021-01-01');

-- Insert sample data into delivery table
INSERT INTO delivery (address, TIN)
VALUES 
    ('Rua do Poder, 6290-500 PodeVille', 20001),
    ('Rua do Poder, 6290-500 PodeVille', 20002),
    ('Rua do Poder, 6290-500 PodeVille', 20003),
    ('Rua do Poder, 6290-500 PodeVille', 20004);
